seed	boss	split	outcome	turns_played	actions_played	fallback_actions	entry_hp	player_hp	player_hp_delta	entry_encounter_hp	encounter_hp_remaining	encounter_hp_removed	score_kind	score	final_screen	last_action	monsters_hp_remaining
3575797841332321150	DonuAndDeca	train	win	9	61	0	99	31	-68	494	0	494	player_hp_delta	-68	Terminal	{"index":0,"op":"choose"}	-
8994553749226938774	DonuAndDeca	train	loss	8	50	0	89	0	-89	500	216	284	monster_hp_delta	284	Terminal	{"op":"end_turn"}	Deca:204/250,Donu:12/250
4877033296021424441	DonuAndDeca	train	loss	11	64	0	82	0	-82	500	160	340	monster_hp_delta	340	Terminal	{"op":"end_turn"}	Deca:133/250,Donu:27/250
5157688114572272905	AwakenedOne	train	win	13	89	0	75	32	-43	702	0	702	player_hp_delta	-43	Terminal	{"index":0,"op":"choose"}	-
1791847072627334439	TimeEater	train	loss	7	39	0	80	0	-80	456	263	193	monster_hp_delta	193	Terminal	{"op":"end_turn"}	TimeEater:263/456
3196368224264100068	DonuAndDeca	train	win	7	53	0	75	75	0	500	0	500	player_hp_delta	0	Terminal	{"index":0,"op":"choose"}	-
1489316484494972907	DonuAndDeca	train	win	11	92	0	71	14	-57	500	0	500	player_hp_delta	-57	Terminal	{"index":0,"op":"choose"}	-
6183481737428748839	AwakenedOne	train	loss	21	101	0	62	0	-62	698	130	568	monster_hp_delta	568	Terminal	{"op":"end_turn"}	AwakenedOne:phase_2:130/300
7416601089082899303	DonuAndDeca	train	loss	10	69	0	66	0	-66	500	278	222	monster_hp_delta	222	Terminal	{"op":"end_turn"}	Deca:178/250,Donu:100/250
5623755035565451516	AwakenedOne	train	loss	18	99	0	94	0	-94	695	147	548	monster_hp_delta	548	Terminal	{"op":"end_turn"}	AwakenedOne:phase_2:147/300
1193752383130656283	AwakenedOne	train	win	10	74	0	52	13	-39	694	0	694	player_hp_delta	-39	Terminal	{"index":0,"op":"choose"}	-
7992747914631905508	DonuAndDeca	train	loss	6	45	0	75	0	-75	500	162	338	monster_hp_delta	338	Terminal	{"op":"end_turn"}	Deca:70/250,Donu:92/250
3061883885370602060	TimeEater	train	loss	8	43	0	63	0	-63	456	200	256	monster_hp_delta	256	Terminal	{"op":"end_turn"}	TimeEater:200/456
6481148338842073474	DonuAndDeca	train	loss	11	70	0	75	0	-75	500	116	384	monster_hp_delta	384	Terminal	{"op":"end_turn"}	Deca:116/250
7175349558613037921	DonuAndDeca	train	loss	8	45	0	75	0	-75	500	287	213	monster_hp_delta	213	Terminal	{"op":"end_turn"}	Deca:147/250,Donu:140/250
1660962350770321836	AwakenedOne	train	loss	13	93	0	77	0	-77	703	235	468	monster_hp_delta	468	Terminal	{"op":"end_turn"}	AwakenedOne:phase_2:235/300
6874331202128839979	AwakenedOne	train	win	36	187	0	66	15	-51	703	0	703	player_hp_delta	-51	Terminal	{"index":0,"op":"choose"}	-
1080088525296987545	TimeEater	train	win	13	76	0	76	3	-73	456	0	456	player_hp_delta	-73	Terminal	{"index":0,"op":"choose"}	-
2761504180787905848	TimeEater	train	win	15	77	0	77	38	-39	456	0	456	player_hp_delta	-39	Terminal	{"index":0,"op":"choose"}	-
6750838212784025915	TimeEater	train	loss	13	74	0	52	0	-52	456	39	417	monster_hp_delta	417	Terminal	{"op":"end_turn"}	TimeEater:39/456
9029249345114443286	TimeEater	train	loss	7	32	0	72	0	-72	456	264	192	monster_hp_delta	192	Terminal	{"hand_index":0,"op":"play","target_index":0}	TimeEater:264/456
5818932732441005714	TimeEater	train	loss	9	37	0	71	0	-71	456	302	154	monster_hp_delta	154	Terminal	{"op":"end_turn"}	TimeEater:302/456
835542457075239167	AwakenedOne	val	loss	11	70	0	59	0	-59	701	339	362	monster_hp_delta	362	Terminal	{"op":"end_turn"}	AwakenedOne:phase_1:39/300,AwakenedOne:phase_2_latent:300/300
8722318704258252439	TimeEater	train	loss	7	35	0	71	0	-71	456	169	287	monster_hp_delta	287	Terminal	{"op":"end_turn"}	TimeEater:169/456
3965456939340024074	AwakenedOne	train	loss	20	122	0	75	0	-75	700	201	499	monster_hp_delta	499	Terminal	{"op":"end_turn"}	AwakenedOne:phase_2:201/300
2197148552076074636	TimeEater	test	win	13	78	0	49	23	-26	456	0	456	player_hp_delta	-26	Terminal	{"index":0,"op":"choose"}	-
4943219564164449355	AwakenedOne	train	loss	13	92	0	94	0	-94	702	149	553	monster_hp_delta	553	Terminal	{"op":"end_turn"}	AwakenedOne:phase_2:149/300
6899102778022083926	DonuAndDeca	train	win	10	67	0	71	51	-20	500	0	500	player_hp_delta	-20	Terminal	{"index":0,"op":"choose"}	-
6018874024552207049	AwakenedOne	train	win	21	149	0	71	31	-40	703	0	703	player_hp_delta	-40	Terminal	{"index":0,"op":"choose"}	-
4251204140209120246	AwakenedOne	val	loss	15	85	0	74	0	-74	702	244	458	monster_hp_delta	458	Terminal	{"op":"end_turn"}	AwakenedOne:phase_2:244/300
2305696828255063566	AwakenedOne	train	win	15	108	0	94	5	-89	701	0	701	player_hp_delta	-89	Terminal	{"index":0,"op":"choose"}	-
5693720419602668079	AwakenedOne	train	win	21	120	0	73	19	-54	708	0	708	player_hp_delta	-54	Terminal	{"index":0,"op":"choose"}	-
3222600450284515355	DonuAndDeca	train	win	8	51	0	61	32	-29	500	0	500	player_hp_delta	-29	Terminal	{"index":0,"op":"choose"}	-
2359603027456344412	AwakenedOne	train	win	16	109	0	75	32	-43	690	0	690	player_hp_delta	-43	Terminal	{"index":0,"op":"choose"}	-
8177363424378289513	TimeEater	test	loss	8	36	0	75	0	-75	456	150	306	monster_hp_delta	306	Terminal	{"op":"end_turn"}	TimeEater:150/456
4731779542319227954	AwakenedOne	train	win	20	127	0	70	1	-69	705	0	705	player_hp_delta	-69	Terminal	{"index":0,"op":"choose"}	-
7745624774176530184	DonuAndDeca	train	win	9	69	0	94	64	-30	500	0	500	player_hp_delta	-30	Terminal	{"index":0,"op":"choose"}	-
1697746019005784101	TimeEater	train	loss	8	39	0	50	0	-50	456	234	222	monster_hp_delta	222	Terminal	{"op":"end_turn"}	TimeEater:234/456
3736067740971767229	TimeEater	train	loss	7	35	0	71	0	-71	456	221	235	monster_hp_delta	235	Terminal	{"op":"end_turn"}	TimeEater:221/456
5892485445646494457	DonuAndDeca	train	win	5	33	0	75	46	-29	500	0	500	player_hp_delta	-29	Terminal	{"index":0,"op":"choose"}	-
3232669259040310140	TimeEater	train	loss	11	50	0	83	0	-83	456	226	230	monster_hp_delta	230	Terminal	{"op":"end_turn"}	TimeEater:226/456
2115657725624691790	DonuAndDeca	test	loss	6	34	0	69	0	-69	500	278	222	monster_hp_delta	222	Terminal	{"op":"end_turn"}	Deca:191/250,Donu:87/250
2923433463956473030	DonuAndDeca	val	win	8	55	0	85	25	-60	500	0	500	player_hp_delta	-60	Terminal	{"index":0,"op":"choose"}	-
5491759931061437083	DonuAndDeca	train	loss	5	29	0	89	0	-89	500	357	143	monster_hp_delta	143	Terminal	{"op":"end_turn"}	Deca:200/250,Donu:157/250
362646542007434822	TimeEater	train	loss	7	57	0	78	0	-78	456	195	261	monster_hp_delta	261	Terminal	{"hand_index":0,"op":"play","target_index":0}	TimeEater:195/456
8109525400569123720	DonuAndDeca	train	loss	9	77	0	71	0	-71	500	31	469	monster_hp_delta	469	Terminal	{"op":"end_turn"}	Deca:31/250
9035495400967733179	TimeEater	train	loss	9	46	0	75	0	-75	453	218	235	monster_hp_delta	235	Terminal	{"hand_index":0,"op":"play","target_index":0}	TimeEater:218/456
705838417605497043	TimeEater	train	loss	11	51	0	56	0	-56	456	132	324	monster_hp_delta	324	Terminal	{"op":"end_turn"}	TimeEater:132/456
5766993796887795943	DonuAndDeca	train	win	16	119	0	76	44	-32	500	0	500	player_hp_delta	-32	Terminal	{"index":0,"op":"choose"}	-
9205872687699434064	DonuAndDeca	train	loss	9	68	0	38	0	-38	500	81	419	monster_hp_delta	419	Terminal	{"op":"end_turn"}	Deca:81/250
4686936012441927877	TimeEater	train	loss	13	61	0	96	0	-96	456	191	265	monster_hp_delta	265	Terminal	{"hand_index":0,"op":"play","target_index":0}	TimeEater:191/456
1963676053099479167	DonuAndDeca	train	loss	9	59	0	73	0	-73	494	55	439	monster_hp_delta	439	Terminal	{"op":"end_turn"}	Deca:36/250,Donu:19/250
2196159058183271237	AwakenedOne	train	loss	14	73	0	70	0	-70	704	199	505	monster_hp_delta	505	Terminal	{"op":"end_turn"}	AwakenedOne:phase_2:199/300
9216952173716291841	TimeEater	train	win	8	49	0	80	40	-40	456	0	456	player_hp_delta	-40	Terminal	{"index":0,"op":"choose"}	-
5468693828441775723	TimeEater	train	loss	12	63	0	60	0	-60	456	92	364	monster_hp_delta	364	Terminal	{"op":"end_turn"}	TimeEater:92/456
459581826732959927	AwakenedOne	train	win	17	104	0	84	18	-66	694	0	694	player_hp_delta	-66	Terminal	{"index":0,"op":"choose"}	-
6043553797856766948	DonuAndDeca	train	loss	9	64	0	55	0	-55	500	30	470	monster_hp_delta	470	Terminal	{"op":"end_turn"}	Deca:30/250
8014791859435699011	TimeEater	train	win	14	72	0	68	21	-47	456	0	456	player_hp_delta	-47	Terminal	{"index":0,"op":"choose"}	-
1041573935451341841	DonuAndDeca	train	loss	7	50	0	75	0	-75	500	116	384	monster_hp_delta	384	Terminal	{"op":"end_turn"}	Deca:78/250,Donu:38/250
6730908464964738661	DonuAndDeca	val	win	9	56	0	92	56	-36	500	0	500	player_hp_delta	-36	Terminal	{"index":0,"op":"choose"}	-
4420234404359160371	DonuAndDeca	train	loss	11	61	0	62	0	-62	500	78	422	monster_hp_delta	422	Terminal	{"op":"end_turn"}	Deca:78/250
2461914818972662011	AwakenedOne	train	loss	20	103	0	75	0	-75	699	52	647	monster_hp_delta	647	Terminal	{"op":"end_turn"}	AwakenedOne:phase_2:52/300
872315037531685636	AwakenedOne	train	win	17	117	0	75	16	-59	706	0	706	player_hp_delta	-59	Terminal	{"index":0,"op":"choose"}	-
1357281831315272003	DonuAndDeca	train	win	6	51	0	65	47	-18	500	0	500	player_hp_delta	-18	Terminal	{"index":0,"op":"choose"}	-
3427531623217193577	AwakenedOne	train	win	14	98	0	69	50	-19	699	0	699	player_hp_delta	-19	Terminal	{"index":0,"op":"choose"}	-
6209274816771381582	AwakenedOne	test	loss	25	123	0	76	0	-76	701	65	636	monster_hp_delta	636	Terminal	{"op":"end_turn"}	AwakenedOne:phase_2:65/300
4753638494518514835	AwakenedOne	train	loss	17	100	0	59	0	-59	702	63	639	monster_hp_delta	639	Terminal	{"op":"end_turn"}	AwakenedOne:phase_2:63/300
5133700705000970389	AwakenedOne	val	loss	13	92	0	76	0	-76	702	366	336	monster_hp_delta	336	Terminal	{"op":"end_turn"}	AwakenedOne:phase_1:66/300,AwakenedOne:phase_2_latent:300/300
5802320568267315893	TimeEater	train	loss	11	58	0	55	0	-55	456	146	310	monster_hp_delta	310	Terminal	{"hand_index":1,"op":"play","target_index":0}	TimeEater:146/456
6740427718087669460	AwakenedOne	train	loss	13	77	0	85	0	-85	703	479	224	monster_hp_delta	224	Terminal	{"op":"end_turn"}	AwakenedOne:phase_1:179/300,AwakenedOne:phase_2_latent:300/300
8489396939233818231	DonuAndDeca	val	loss	7	45	0	75	0	-75	500	259	241	monster_hp_delta	241	Terminal	{"op":"end_turn"}	Deca:156/250,Donu:103/250
5888151833296514594	AwakenedOne	train	loss	24	142	0	62	0	-62	706	259	447	monster_hp_delta	447	Terminal	{"op":"end_turn"}	AwakenedOne:phase_2:259/300
2524815559963005035	AwakenedOne	test	loss	12	76	0	69	0	-69	701	245	456	monster_hp_delta	456	Terminal	{"op":"end_turn"}	AwakenedOne:phase_2:245/300
8235578850013975966	AwakenedOne	train	loss	16	99	0	61	0	-61	699	204	495	monster_hp_delta	495	Terminal	{"op":"end_turn"}	AwakenedOne:phase_2:204/300
6336831489990028879	TimeEater	train	loss	9	56	0	89	0	-89	453	103	350	monster_hp_delta	350	Terminal	{"hand_index":4,"op":"play","target_index":0}	TimeEater:103/456
625666937615260370	DonuAndDeca	test	loss	12	76	0	64	0	-64	500	88	412	monster_hp_delta	412	Terminal	{"op":"end_turn"}	Deca:48/250,Donu:40/250
7200393174460496750	AwakenedOne	train	win	20	114	0	68	13	-55	700	0	700	player_hp_delta	-55	Terminal	{"index":0,"op":"choose"}	-
8499336412359510379	DonuAndDeca	train	win	10	79	0	75	14	-61	500	0	500	player_hp_delta	-61	Terminal	{"index":0,"op":"choose"}	-
4703875117288418311	AwakenedOne	train	win	26	140	0	73	15	-58	703	0	703	player_hp_delta	-58	Terminal	{"index":0,"op":"choose"}	-
9195115413630190111	TimeEater	test	win	10	57	0	58	15	-43	456	0	456	player_hp_delta	-43	Terminal	{"index":0,"op":"choose"}	-
7916670372426429625	TimeEater	train	loss	17	90	0	80	0	-80	456	120	336	monster_hp_delta	336	Terminal	{"hand_index":1,"op":"play"}	TimeEater:120/456
4220395139335013172	TimeEater	train	loss	12	55	0	63	0	-63	456	103	353	monster_hp_delta	353	Terminal	{"op":"end_turn"}	TimeEater:103/456
2264973362283579149	DonuAndDeca	val	win	11	74	0	78	28	-50	500	0	500	player_hp_delta	-50	Terminal	{"index":0,"op":"choose"}	-
3703759858851073805	TimeEater	train	win	14	65	0	92	64	-28	456	0	456	player_hp_delta	-28	Terminal	{"index":0,"op":"choose"}	-
5419714772281238637	AwakenedOne	train	win	11	84	0	80	41	-39	707	0	707	player_hp_delta	-39	Terminal	{"index":0,"op":"choose"}	-
1441315626372872497	DonuAndDeca	val	loss	9	52	0	71	0	-71	500	241	259	monster_hp_delta	259	Terminal	{"op":"end_turn"}	Deca:162/250,Donu:79/250
4710304414553563327	TimeEater	train	loss	9	56	0	75	0	-75	456	216	240	monster_hp_delta	240	Terminal	{"hand_index":2,"op":"play","target_index":0}	TimeEater:216/456
4890685894735622198	DonuAndDeca	train	loss	7	40	0	65	0	-65	500	195	305	monster_hp_delta	305	Terminal	{"op":"end_turn"}	Deca:94/250,Donu:101/250
1581885638785785974	TimeEater	train	loss	13	58	0	75	0	-75	456	41	415	monster_hp_delta	415	Terminal	{"op":"end_turn"}	TimeEater:41/456
7872220172406029283	TimeEater	train	loss	12	58	0	81	0	-81	453	134	319	monster_hp_delta	319	Terminal	{"hand_index":0,"op":"play"}	TimeEater:134/456
5574122887696541982	AwakenedOne	train	loss	17	90	0	61	0	-61	698	322	376	monster_hp_delta	376	Terminal	{"op":"end_turn"}	AwakenedOne:phase_1:22/300,AwakenedOne:phase_2_latent:300/300
2772149737806993404	TimeEater	train	loss	13	59	0	80	0	-80	456	175	281	monster_hp_delta	281	Terminal	{"hand_index":3,"op":"play","target_index":0}	TimeEater:175/456
5061280571829019951	DonuAndDeca	val	win	13	83	0	53	11	-42	500	0	500	player_hp_delta	-42	Terminal	{"index":0,"op":"choose"}	-
6874520850105575027	AwakenedOne	val	loss	15	90	0	80	0	-80	707	278	429	monster_hp_delta	429	Terminal	{"op":"end_turn"}	AwakenedOne:phase_2:278/300
3010527931413501134	AwakenedOne	train	loss	6	38	0	76	0	-76	703	502	201	monster_hp_delta	201	Terminal	{"op":"end_turn"}	AwakenedOne:phase_1:202/300,AwakenedOne:phase_2_latent:300/300
8049142308983597048	DonuAndDeca	train	loss	19	108	0	43	0	-43	500	108	392	monster_hp_delta	392	Terminal	{"op":"end_turn"}	Deca:108/250
7776640493662460427	TimeEater	train	loss	16	74	0	80	0	-80	456	56	400	monster_hp_delta	400	Terminal	{"hand_index":1,"op":"play","target_index":0}	TimeEater:56/456
285484829185432097	AwakenedOne	train	loss	13	87	0	72	0	-72	701	405	296	monster_hp_delta	296	Terminal	{"op":"end_turn"}	AwakenedOne:phase_1:105/300,AwakenedOne:phase_2_latent:300/300
4582094962937521528	AwakenedOne	train	win	15	96	0	74	14	-60	705	0	705	player_hp_delta	-60	Terminal	{"index":0,"op":"choose"}	-
1120643678770039057	AwakenedOne	val	win	24	138	0	79	34	-45	694	0	694	player_hp_delta	-45	Terminal	{"index":0,"op":"choose"}	-
5471163097221858023	DonuAndDeca	train	win	10	64	0	75	75	0	500	0	500	player_hp_delta	0	Terminal	{"index":0,"op":"choose"}	-
6733942511653656915	AwakenedOne	train	loss	15	95	0	54	0	-54	704	274	430	monster_hp_delta	430	Terminal	{"op":"end_turn"}	AwakenedOne:phase_2:274/300
169951345794259894	DonuAndDeca	train	win	10	81	0	55	40	-15	500	0	500	player_hp_delta	-15	Terminal	{"index":0,"op":"choose"}	-
830639690001808064	TimeEater	val	loss	12	60	0	71	0	-71	453	8	445	monster_hp_delta	445	Terminal	{"hand_index":0,"op":"play","target_index":0}	TimeEater:8/456
6054969445362042599	AwakenedOne	train	loss	18	138	0	82	0	-82	703	353	350	monster_hp_delta	350	Terminal	{"op":"end_turn"}	AwakenedOne:phase_1:53/300,AwakenedOne:phase_2_latent:300/300
4091721996691781654	TimeEater	train	win	13	63	0	59	50	-9	456	0	456	player_hp_delta	-9	Terminal	{"index":0,"op":"choose"}	-
1937867802954000798	DonuAndDeca	train	win	11	71	0	67	24	-43	500	0	500	player_hp_delta	-43	Terminal	{"index":0,"op":"choose"}	-
2237658741307680838	AwakenedOne	train	loss	24	150	0	75	0	-75	701	43	658	monster_hp_delta	658	Terminal	{"op":"end_turn"}	AwakenedOne:phase_2:43/300
5046703633575436177	DonuAndDeca	val	win	12	74	0	76	39	-37	494	0	494	player_hp_delta	-37	Terminal	{"index":0,"op":"choose"}	-
6990156421654627549	DonuAndDeca	train	loss	9	66	0	64	0	-64	500	135	365	monster_hp_delta	365	Terminal	{"op":"end_turn"}	Deca:135/250
3840798571393112933	DonuAndDeca	train	win	14	107	0	68	68	0	500	0	500	player_hp_delta	0	Terminal	{"index":0,"op":"choose"}	-
4025596134162754483	DonuAndDeca	train	win	11	84	0	76	57	-19	500	0	500	player_hp_delta	-19	Terminal	{"index":0,"op":"choose"}	-
8486219222450821161	DonuAndDeca	train	loss	9	56	0	68	0	-68	500	188	312	monster_hp_delta	312	Terminal	{"op":"end_turn"}	Deca:149/250,Donu:39/250
4750628783658292177	DonuAndDeca	train	win	23	147	0	71	38	-33	500	0	500	player_hp_delta	-33	Terminal	{"index":0,"op":"choose"}	-
1317497975963433520	DonuAndDeca	test	loss	6	32	0	55	0	-55	494	242	252	monster_hp_delta	252	Terminal	{"op":"end_turn"}	Deca:193/250,Donu:49/250
4401600761811809799	TimeEater	train	loss	10	55	0	51	0	-51	456	189	267	monster_hp_delta	267	Terminal	{"op":"end_turn"}	TimeEater:189/456
6311658887434129973	AwakenedOne	train	loss	18	113	0	70	0	-70	692	229	463	monster_hp_delta	463	Terminal	{"op":"end_turn"}	AwakenedOne:phase_2:229/300
8677293267612424145	AwakenedOne	train	loss	8	53	0	89	0	-89	696	369	327	monster_hp_delta	327	Terminal	{"op":"end_turn"}	AwakenedOne:phase_1:69/300,AwakenedOne:phase_2_latent:300/300
7581824188744888296	AwakenedOne	train	loss	12	71	0	64	0	-64	703	144	559	monster_hp_delta	559	Terminal	{"op":"end_turn"}	AwakenedOne:phase_2:144/300
1145600469826844982	DonuAndDeca	train	loss	11	63	0	65	0	-65	500	143	357	monster_hp_delta	357	Terminal	{"op":"end_turn"}	Deca:116/250,Donu:27/250
5743816958810581217	DonuAndDeca	train	win	9	68	0	75	51	-24	500	0	500	player_hp_delta	-24	Terminal	{"index":0,"op":"choose"}	-
8661224470316744265	DonuAndDeca	train	win	11	71	0	75	30	-45	500	0	500	player_hp_delta	-45	Terminal	{"index":0,"op":"choose"}	-
3187135797523249249	AwakenedOne	train	loss	12	92	0	89	0	-89	702	96	606	monster_hp_delta	606	Terminal	{"op":"end_turn"}	AwakenedOne:phase_2:96/300
5901933068769490040	DonuAndDeca	train	loss	9	63	0	90	0	-90	500	216	284	monster_hp_delta	284	Terminal	{"op":"end_turn"}	Deca:172/250,Donu:44/250
3907429706541156297	TimeEater	train	loss	10	44	0	55	0	-55	456	230	226	monster_hp_delta	226	Terminal	{"op":"end_turn"}	TimeEater:230/456
5961668594149528492	DonuAndDeca	train	loss	9	55	0	94	0	-94	500	190	310	monster_hp_delta	310	Terminal	{"op":"end_turn"}	Deca:171/250,Donu:19/250
7578655612561450443	AwakenedOne	train	loss	17	110	0	73	0	-73	707	136	571	monster_hp_delta	571	Terminal	{"op":"end_turn"}	AwakenedOne:phase_2:136/300
2098572615045088908	DonuAndDeca	train	win	6	46	0	75	28	-47	500	0	500	player_hp_delta	-47	Terminal	{"index":0,"op":"choose"}	-
7299690590547181462	DonuAndDeca	test	loss	7	51	0	65	0	-65	500	288	212	monster_hp_delta	212	Terminal	{"op":"end_turn"}	Deca:206/250,Donu:82/250
4367100082380199482	DonuAndDeca	train	loss	7	61	0	83	0	-83	494	130	364	monster_hp_delta	364	Terminal	{"op":"end_turn"}	Deca:70/250,Donu:60/250
5756299693661786870	DonuAndDeca	train	loss	9	59	0	47	0	-47	500	137	363	monster_hp_delta	363	Terminal	{"op":"end_turn"}	Deca:133/250,Donu:4/250
7564518818470114821	TimeEater	train	win	13	67	0	96	74	-22	456	0	456	player_hp_delta	-22	Terminal	{"index":0,"op":"choose"}	-
371081526652749143	AwakenedOne	test	loss	8	60	0	76	0	-76	706	446	260	monster_hp_delta	260	Terminal	{"op":"end_turn"}	AwakenedOne:phase_1:146/300,AwakenedOne:phase_2_latent:300/300
8368761470762352725	AwakenedOne	val	win	16	103	0	71	28	-43	703	0	703	player_hp_delta	-43	Terminal	{"index":0,"op":"choose"}	-
7447114974884789847	DonuAndDeca	train	win	10	70	0	72	56	-16	500	0	500	player_hp_delta	-16	Terminal	{"index":0,"op":"choose"}	-
1089071742187349698	TimeEater	test	win	15	84	0	76	1	-75	456	0	456	player_hp_delta	-75	Terminal	{"index":0,"op":"choose"}	-
8594985178656107367	AwakenedOne	train	win	19	150	0	85	72	-13	699	0	699	player_hp_delta	-13	Terminal	{"index":0,"op":"choose"}	-
7246450213566110131	AwakenedOne	test	loss	16	109	0	65	0	-65	697	120	577	monster_hp_delta	577	Terminal	{"op":"end_turn"}	AwakenedOne:phase_2:120/300
3996257860444545782	DonuAndDeca	val	loss	15	83	0	71	0	-71	500	73	427	monster_hp_delta	427	Terminal	{"op":"end_turn"}	Deca:73/250
3768645726776989359	AwakenedOne	train	loss	10	56	0	59	0	-59	699	390	309	monster_hp_delta	309	Terminal	{"op":"end_turn"}	AwakenedOne:phase_1:90/300,AwakenedOne:phase_2_latent:300/300
6645810767170053816	TimeEater	train	win	10	57	0	40	51	11	456	0	456	player_hp_delta	11	Terminal	{"index":0,"op":"choose"}	-
7168865366576876744	TimeEater	train	loss	15	84	0	65	0	-65	456	65	391	monster_hp_delta	391	Terminal	{"hand_index":0,"op":"play","target_index":0}	TimeEater:65/456
8918721384455438706	DonuAndDeca	train	win	8	50	0	75	51	-24	500	0	500	player_hp_delta	-24	Terminal	{"index":0,"op":"choose"}	-
2308407031652042562	TimeEater	train	loss	7	36	0	61	0	-61	456	353	103	monster_hp_delta	103	Terminal	{"op":"end_turn"}	TimeEater:353/456
4036871132303196008	AwakenedOne	train	loss	12	71	0	77	0	-77	703	210	493	monster_hp_delta	493	Terminal	{"op":"end_turn"}	AwakenedOne:phase_2:210/300
2051884655182156866	DonuAndDeca	train	win	12	82	0	54	42	-12	500	0	500	player_hp_delta	-12	Terminal	{"index":0,"op":"choose"}	-
1764797835274671897	AwakenedOne	train	win	12	81	0	52	7	-45	693	0	693	player_hp_delta	-45	Terminal	{"index":0,"op":"choose"}	-
6955862064479598634	DonuAndDeca	val	loss	5	39	0	71	0	-71	500	135	365	monster_hp_delta	365	Terminal	{"op":"end_turn"}	Deca:120/250,Donu:15/250
2595890282848650071	TimeEater	train	win	16	89	0	104	15	-89	456	0	456	player_hp_delta	-89	Terminal	{"index":0,"op":"choose"}	-
2495047259546139215	TimeEater	train	capped	1	15	0	68	68	0	456	427	29	monster_hp_delta	29	Grid	{"index":14,"op":"choose"}	TimeEater:427/456
70138644052798884	TimeEater	train	loss	5	36	0	21	0	-21	453	260	193	monster_hp_delta	193	Terminal	{"op":"end_turn"}	TimeEater:260/456
5507211500541998468	AwakenedOne	train	win	27	156	0	84	41	-43	698	0	698	player_hp_delta	-43	Terminal	{"index":0,"op":"choose"}	-
2048920004045687217	DonuAndDeca	test	loss	13	72	0	64	0	-64	500	61	439	monster_hp_delta	439	Terminal	{"op":"end_turn"}	Deca:61/250
2931360504114872208	DonuAndDeca	train	loss	10	65	0	58	0	-58	500	66	434	monster_hp_delta	434	Terminal	{"op":"end_turn"}	Donu:66/250
8856468266084221261	TimeEater	train	loss	9	56	0	76	0	-76	453	108	345	monster_hp_delta	345	Terminal	{"hand_index":2,"op":"play"}	TimeEater:108/456
8052608342972811004	AwakenedOne	train	loss	17	105	0	89	0	-89	699	144	555	monster_hp_delta	555	Terminal	{"op":"end_turn"}	AwakenedOne:phase_2:144/300
1758240820246178766	AwakenedOne	train	win	27	184	0	89	33	-56	703	0	703	player_hp_delta	-56	Terminal	{"index":0,"op":"choose"}	-
2528975692564887525	TimeEater	train	loss	15	73	0	80	0	-80	456	95	361	monster_hp_delta	361	Terminal	{"hand_index":0,"op":"play"}	TimeEater:95/456
5219657459791960680	AwakenedOne	train	win	15	89	0	66	58	-8	702	0	702	player_hp_delta	-8	Terminal	{"index":0,"op":"choose"}	-
1951546943625671700	AwakenedOne	train	loss	5	30	0	58	0	-58	697	593	104	monster_hp_delta	104	Terminal	{"op":"end_turn"}	Cultist:9/54,AwakenedOne:phase_1:284/300,AwakenedOne:phase_2_latent:300/300
1302849511720446467	TimeEater	train	loss	13	73	0	97	0	-97	456	31	425	monster_hp_delta	425	Terminal	{"op":"end_turn"}	TimeEater:31/456
1529141542944631005	TimeEater	train	win	9	53	0	56	9	-47	453	0	453	player_hp_delta	-47	Terminal	{"index":0,"op":"choose"}	-
6764790257688908896	AwakenedOne	train	loss	12	79	0	71	0	-71	703	220	483	monster_hp_delta	483	Terminal	{"op":"end_turn"}	AwakenedOne:phase_2:220/300
7750706731223648504	TimeEater	train	win	10	67	0	74	25	-49	456	0	456	player_hp_delta	-49	Terminal	{"index":0,"op":"choose"}	-
1341397036733773949	AwakenedOne	train	loss	13	56	0	84	0	-84	704	457	247	monster_hp_delta	247	Terminal	{"op":"end_turn"}	AwakenedOne:phase_1:157/300,AwakenedOne:phase_2_latent:300/300
4651365131381870906	TimeEater	train	loss	10	55	0	81	0	-81	456	130	326	monster_hp_delta	326	Terminal	{"hand_index":2,"op":"play"}	TimeEater:130/456
2853423937433016435	TimeEater	train	loss	12	60	0	71	0	-71	456	55	401	monster_hp_delta	401	Terminal	{"op":"end_turn"}	TimeEater:55/456
6894870700914096751	DonuAndDeca	train	win	6	47	0	59	21	-38	494	0	494	player_hp_delta	-38	Terminal	{"index":0,"op":"choose"}	-
8310078300994967024	AwakenedOne	train	loss	9	55	0	52	0	-52	700	244	456	monster_hp_delta	456	Terminal	{"op":"end_turn"}	AwakenedOne:phase_2:244/300
8647432836178392987	TimeEater	val	win	12	63	0	82	50	-32	453	0	453	player_hp_delta	-32	Terminal	{"index":0,"op":"choose"}	-
8995950763007876871	AwakenedOne	test	loss	7	44	0	68	0	-68	705	518	187	monster_hp_delta	187	Terminal	{"op":"end_turn"}	AwakenedOne:phase_1:218/300,AwakenedOne:phase_2_latent:300/300
2259574124264240487	AwakenedOne	train	loss	9	70	0	75	0	-75	700	213	487	monster_hp_delta	487	Terminal	{"op":"end_turn"}	AwakenedOne:phase_2:213/300
3135870855912976564	DonuAndDeca	test	loss	8	48	0	65	0	-65	500	275	225	monster_hp_delta	225	Terminal	{"op":"end_turn"}	Deca:197/250,Donu:78/250
2702008607081053096	TimeEater	train	loss	11	65	0	59	0	-59	456	93	363	monster_hp_delta	363	Terminal	{"op":"end_turn"}	TimeEater:93/456
8493991997338968317	TimeEater	val	loss	11	52	0	68	0	-68	456	213	243	monster_hp_delta	243	Terminal	{"op":"end_turn"}	TimeEater:213/456
6464091353200787036	AwakenedOne	val	loss	5	21	0	51	0	-51	704	531	173	monster_hp_delta	173	Terminal	{"op":"end_turn"}	AwakenedOne:phase_1:231/300,AwakenedOne:phase_2_latent:300/300
7712090965778107913	TimeEater	train	loss	13	64	0	75	0	-75	456	151	305	monster_hp_delta	305	Terminal	{"op":"end_turn"}	TimeEater:151/456
5539774194480688139	TimeEater	train	loss	10	68	0	76	0	-76	456	156	300	monster_hp_delta	300	Terminal	{"hand_index":3,"op":"play","target_index":0}	TimeEater:156/456
4309978034623176703	AwakenedOne	train	loss	17	108	0	69	0	-69	697	363	334	monster_hp_delta	334	Terminal	{"op":"end_turn"}	AwakenedOne:phase_1:63/300,AwakenedOne:phase_2_latent:300/300
6179393113892238300	TimeEater	train	loss	11	45	0	83	0	-83	456	203	253	monster_hp_delta	253	Terminal	{"hand_index":0,"op":"play","target_index":0}	TimeEater:203/456
7330846083267369865	DonuAndDeca	train	loss	8	56	0	56	0	-56	500	204	296	monster_hp_delta	296	Terminal	{"op":"end_turn"}	Deca:127/250,Donu:77/250
2719499269008907348	AwakenedOne	train	win	13	92	0	61	17	-44	704	0	704	player_hp_delta	-44	Terminal	{"index":0,"op":"choose"}	-
3894446167000683678	TimeEater	train	loss	13	75	0	51	0	-51	456	75	381	monster_hp_delta	381	Terminal	{"op":"end_turn"}	TimeEater:75/456
2722607909377019086	DonuAndDeca	train	win	8	51	0	101	15	-86	500	0	500	player_hp_delta	-86	Terminal	{"index":0,"op":"choose"}	-
3169272849220848678	AwakenedOne	train	loss	14	73	0	93	0	-93	707	47	660	monster_hp_delta	660	Terminal	{"op":"end_turn"}	AwakenedOne:phase_2:47/300
4766873484655925554	DonuAndDeca	train	loss	9	59	0	61	0	-61	500	156	344	monster_hp_delta	344	Terminal	{"op":"end_turn"}	Deca:156/250
2555973613867082309	DonuAndDeca	train	win	7	49	0	76	14	-62	500	0	500	player_hp_delta	-62	Terminal	{"index":0,"op":"choose"}	-
8828278345657500900	TimeEater	train	loss	9	38	0	70	0	-70	456	167	289	monster_hp_delta	289	Terminal	{"op":"end_turn"}	TimeEater:167/456
5390676441050741501	DonuAndDeca	train	win	11	70	0	80	49	-31	500	0	500	player_hp_delta	-31	Terminal	{"index":0,"op":"choose"}	-
1936463224289419237	AwakenedOne	train	win	21	125	0	49	10	-39	700	0	700	player_hp_delta	-39	Terminal	{"index":0,"op":"choose"}	-
3113134379720990905	AwakenedOne	train	loss	6	35	0	62	0	-62	697	545	152	monster_hp_delta	152	Terminal	{"op":"end_turn"}	AwakenedOne:phase_1:245/300,AwakenedOne:phase_2_latent:300/300
6650259878796800661	TimeEater	train	loss	6	32	0	69	0	-69	456	291	165	monster_hp_delta	165	Terminal	{"op":"end_turn"}	TimeEater:291/456
6721822118182028177	TimeEater	val	loss	18	85	0	69	0	-69	456	127	329	monster_hp_delta	329	Terminal	{"op":"end_turn"}	TimeEater:127/456
6951142112167667716	DonuAndDeca	train	loss	8	48	0	75	0	-75	500	237	263	monster_hp_delta	263	Terminal	{"op":"end_turn"}	Deca:157/250,Donu:80/250
9197996931013400824	TimeEater	val	loss	7	33	0	61	0	-61	456	217	239	monster_hp_delta	239	Terminal	{"op":"end_turn"}	TimeEater:217/456
2969241964475776161	DonuAndDeca	train	win	12	73	0	80	9	-71	500	0	500	player_hp_delta	-71	Terminal	{"index":0,"op":"choose"}	-
6476942476911436022	DonuAndDeca	train	win	9	69	0	60	64	4	500	0	500	player_hp_delta	4	Terminal	{"index":0,"op":"choose"}	-
7157063188705479214	AwakenedOne	train	loss	9	57	0	58	0	-58	704	183	521	monster_hp_delta	521	Terminal	{"op":"end_turn"}	AwakenedOne:phase_2:183/300
1771766003061506956	AwakenedOne	train	loss	17	104	0	78	0	-78	703	371	332	monster_hp_delta	332	Terminal	{"op":"end_turn"}	AwakenedOne:phase_1:71/300,AwakenedOne:phase_2_latent:300/300
415091332611265633	AwakenedOne	test	win	11	79	0	75	50	-25	703	0	703	player_hp_delta	-25	Terminal	{"index":0,"op":"choose"}	-
4126753218034159622	TimeEater	train	loss	8	35	0	75	0	-75	456	233	223	monster_hp_delta	223	Terminal	{"op":"end_turn"}	TimeEater:233/456
329121292308290312	DonuAndDeca	train	loss	11	77	0	76	0	-76	500	197	303	monster_hp_delta	303	Terminal	{"op":"end_turn"}	Deca:197/250
2482181035950756550	DonuAndDeca	train	win	11	68	0	69	5	-64	494	0	494	player_hp_delta	-64	Terminal	{"index":0,"op":"choose"}	-
4928729749107686645	AwakenedOne	val	win	14	82	0	69	20	-49	689	0	689	player_hp_delta	-49	Terminal	{"index":0,"op":"choose"}	-
4515702734856366402	AwakenedOne	train	loss	13	71	0	64	0	-64	706	340	366	monster_hp_delta	366	Terminal	{"op":"end_turn"}	AwakenedOne:phase_1:40/300,AwakenedOne:phase_2_latent:300/300
3329272250617842645	AwakenedOne	train	loss	9	62	0	71	0	-71	706	389	317	monster_hp_delta	317	Terminal	{"op":"end_turn"}	AwakenedOne:phase_1:89/300,AwakenedOne:phase_2_latent:300/300
6578044210851125107	TimeEater	train	loss	11	58	0	74	0	-74	456	134	322	monster_hp_delta	322	Terminal	{"op":"end_turn"}	TimeEater:134/456
1618645635336961127	TimeEater	train	win	13	70	0	82	27	-55	456	0	456	player_hp_delta	-55	Terminal	{"index":0,"op":"choose"}	-
182732427866596437	AwakenedOne	train	win	14	97	0	51	13	-38	701	0	701	player_hp_delta	-38	Terminal	{"index":0,"op":"choose"}	-
2533989430573306837	AwakenedOne	train	loss	11	70	0	60	0	-60	699	234	465	monster_hp_delta	465	Terminal	{"op":"end_turn"}	AwakenedOne:phase_2:234/300
2495613213298456781	AwakenedOne	train	loss	5	34	0	66	0	-66	703	555	148	monster_hp_delta	148	Terminal	{"op":"end_turn"}	AwakenedOne:phase_1:255/300,AwakenedOne:phase_2_latent:300/300
8113376322509721717	AwakenedOne	train	loss	15	116	0	74	0	-74	702	267	435	monster_hp_delta	435	Terminal	{"op":"end_turn"}	AwakenedOne:phase_2:267/300
9084087073421249142	DonuAndDeca	val	win	11	84	0	62	26	-36	500	0	500	player_hp_delta	-36	Terminal	{"index":0,"op":"choose"}	-
6061765969233922369	DonuAndDeca	val	loss	8	50	0	73	0	-73	500	245	255	monster_hp_delta	255	Terminal	{"op":"end_turn"}	Deca:184/250,Donu:61/250
786716493733844727	AwakenedOne	train	loss	5	40	0	53	0	-53	702	622	80	monster_hp_delta	80	Terminal	{"op":"end_turn"}	Cultist:15/50,Cultist:7/52,AwakenedOne:phase_1:300/300,AwakenedOne:phase_2_latent:300/300
4374468144169666101	TimeEater	train	loss	8	39	0	68	0	-68	453	264	189	monster_hp_delta	189	Terminal	{"op":"end_turn"}	TimeEater:264/456
8872608294826957393	DonuAndDeca	test	loss	13	73	0	67	0	-67	500	83	417	monster_hp_delta	417	Terminal	{"op":"end_turn"}	Deca:23/250,Donu:60/250
8368502534052686279	DonuAndDeca	train	win	8	52	0	74	24	-50	500	0	500	player_hp_delta	-50	Terminal	{"index":0,"op":"choose"}	-
8845069782723457315	DonuAndDeca	train	win	11	67	0	95	30	-65	500	0	500	player_hp_delta	-65	Terminal	{"index":0,"op":"choose"}	-
3459900229910155630	AwakenedOne	train	loss	17	93	0	81	0	-81	699	65	634	monster_hp_delta	634	Terminal	{"op":"end_turn"}	AwakenedOne:phase_2:65/300
5180707456717242276	DonuAndDeca	train	loss	8	42	0	79	0	-79	500	155	345	monster_hp_delta	345	Terminal	{"op":"end_turn"}	Deca:122/250,Donu:33/250
2206897248211698674	TimeEater	train	loss	7	29	0	53	0	-53	456	289	167	monster_hp_delta	167	Terminal	{"hand_index":5,"op":"play","target_index":0}	TimeEater:289/456
3641000924843139167	TimeEater	train	loss	7	44	0	73	0	-73	456	168	288	monster_hp_delta	288	Terminal	{"op":"end_turn"}	TimeEater:168/456
373653912094888812	AwakenedOne	train	loss	17	105	0	75	0	-75	705	221	484	monster_hp_delta	484	Terminal	{"op":"end_turn"}	AwakenedOne:phase_2:221/300
2520044628390996806	TimeEater	train	loss	8	41	0	67	0	-67	456	240	216	monster_hp_delta	216	Terminal	{"hand_index":4,"op":"play","target_index":0}	TimeEater:240/456
1247115622857025602	AwakenedOne	train	win	18	122	0	62	17	-45	700	0	700	player_hp_delta	-45	Terminal	{"index":0,"op":"choose"}	-
1496449024373635408	TimeEater	val	loss	11	52	0	75	0	-75	456	21	435	monster_hp_delta	435	Terminal	{"op":"end_turn"}	TimeEater:21/456
8704622049860070393	AwakenedOne	train	loss	20	124	0	81	0	-81	706	287	419	monster_hp_delta	419	Terminal	{"op":"end_turn"}	AwakenedOne:phase_2:287/300
4421857972781702897	TimeEater	test	loss	5	23	0	63	0	-63	456	291	165	monster_hp_delta	165	Terminal	{"op":"end_turn"}	TimeEater:291/456
8302866850561335870	DonuAndDeca	train	win	8	58	0	75	16	-59	500	0	500	player_hp_delta	-59	Terminal	{"index":0,"op":"choose"}	-
7666719210253519231	AwakenedOne	train	win	29	143	0	72	14	-58	703	0	703	player_hp_delta	-58	Terminal	{"index":0,"op":"choose"}	-
4299341224075195693	AwakenedOne	train	loss	14	93	0	80	0	-80	702	250	452	monster_hp_delta	452	Terminal	{"op":"end_turn"}	AwakenedOne:phase_2:250/300
5372333001477144398	TimeEater	val	win	17	83	0	73	16	-57	456	0	456	player_hp_delta	-57	Terminal	{"index":0,"op":"choose"}	-
4509375983841477816	TimeEater	train	loss	24	101	0	82	0	-82	453	189	264	monster_hp_delta	264	Terminal	{"op":"end_turn"}	TimeEater:189/456
4529017169055566120	DonuAndDeca	train	loss	9	52	0	75	0	-75	500	142	358	monster_hp_delta	358	Terminal	{"op":"end_turn"}	Deca:91/250,Donu:51/250
4027040925223762146	TimeEater	test	loss	14	80	0	44	0	-44	456	182	274	monster_hp_delta	274	Terminal	{"op":"end_turn"}	TimeEater:182/456
7602951781908970029	TimeEater	test	win	13	70	0	65	26	-39	453	0	453	player_hp_delta	-39	Terminal	{"index":0,"op":"choose"}	-
2401040027389943661	TimeEater	train	win	18	87	0	89	2	-87	456	0	456	player_hp_delta	-87	Terminal	{"index":0,"op":"choose"}	-
5568890203847154861	TimeEater	train	win	15	81	0	71	34	-37	453	0	453	player_hp_delta	-37	Terminal	{"index":0,"op":"choose"}	-
8251950249737359765	DonuAndDeca	train	win	10	77	0	65	34	-31	500	0	500	player_hp_delta	-31	Terminal	{"index":0,"op":"choose"}	-
1938929116263240226	AwakenedOne	train	loss	5	31	0	59	0	-59	698	416	282	monster_hp_delta	282	Terminal	{"op":"end_turn"}	AwakenedOne:phase_1:116/300,AwakenedOne:phase_2_latent:300/300
3726875175761405597	AwakenedOne	train	loss	4	25	0	76	0	-76	704	581	123	monster_hp_delta	123	Terminal	{"op":"end_turn"}	Cultist:11/52,AwakenedOne:phase_1:270/300,AwakenedOne:phase_2_latent:300/300
5651379153875116265	DonuAndDeca	train	win	9	53	0	68	18	-50	500	0	500	player_hp_delta	-50	Terminal	{"index":0,"op":"choose"}	-
1567768537377224457	DonuAndDeca	train	win	11	75	0	84	11	-73	500	0	500	player_hp_delta	-73	Terminal	{"index":0,"op":"choose"}	-
7514473497604484932	TimeEater	val	win	17	81	0	73	11	-62	456	0	456	player_hp_delta	-62	Terminal	{"index":0,"op":"choose"}	-
8989114918184651977	AwakenedOne	train	loss	8	60	0	39	0	-39	696	141	555	monster_hp_delta	555	Terminal	{"op":"end_turn"}	AwakenedOne:phase_2:141/300
4604019027069671864	AwakenedOne	val	win	19	125	0	72	44	-28	696	0	696	player_hp_delta	-28	Terminal	{"index":0,"op":"choose"}	-
1173443651424396793	AwakenedOne	train	loss	15	86	0	68	0	-68	703	67	636	monster_hp_delta	636	Terminal	{"op":"end_turn"}	AwakenedOne:phase_2:67/300
3474790447422591176	DonuAndDeca	train	loss	7	47	0	72	0	-72	500	93	407	monster_hp_delta	407	Terminal	{"op":"end_turn"}	Deca:93/250
1299301075903282586	AwakenedOne	test	loss	3	19	0	70	0	-70	701	591	110	monster_hp_delta	110	Terminal	{"op":"end_turn"}	Cultist:2/50,AwakenedOne:phase_1:289/300,AwakenedOne:phase_2_latent:300/300
2425005228678068786	AwakenedOne	train	loss	14	95	0	62	0	-62	702	264	438	monster_hp_delta	438	Terminal	{"op":"end_turn"}	AwakenedOne:phase_2:264/300
2775925126419412687	AwakenedOne	train	loss	10	71	0	91	0	-91	703	62	641	monster_hp_delta	641	Terminal	{"op":"end_turn"}	AwakenedOne:phase_2:62/300
1281747572758644869	AwakenedOne	test	win	25	139	0	54	18	-36	700	0	700	player_hp_delta	-36	Terminal	{"index":0,"op":"choose"}	-
1322481433509640695	DonuAndDeca	train	win	10	75	0	75	64	-11	500	0	500	player_hp_delta	-11	Terminal	{"index":0,"op":"choose"}	-
4202532210337132167	DonuAndDeca	train	loss	10	82	0	71	0	-71	500	41	459	monster_hp_delta	459	Terminal	{"op":"end_turn"}	Donu:41/250
6613977930850513166	AwakenedOne	val	win	14	96	0	64	51	-13	694	0	694	player_hp_delta	-13	Terminal	{"index":0,"op":"choose"}	-
1949025446023073468	DonuAndDeca	train	loss	11	84	0	67	0	-67	494	30	464	monster_hp_delta	464	Terminal	{"op":"end_turn"}	Deca:30/250
2348068920701705132	DonuAndDeca	train	win	5	42	0	75	58	-17	500	0	500	player_hp_delta	-17	Terminal	{"index":0,"op":"choose"}	-
2167686151324575601	TimeEater	val	loss	15	72	0	67	0	-67	456	76	380	monster_hp_delta	380	Terminal	{"hand_index":1,"op":"play","target_index":0}	TimeEater:76/456
3764327495511946967	TimeEater	train	loss	11	57	0	79	0	-79	456	232	224	monster_hp_delta	224	Terminal	{"hand_index":2,"op":"play","target_index":0}	TimeEater:232/456
3676537622246404380	DonuAndDeca	train	win	11	62	0	72	3	-69	500	0	500	player_hp_delta	-69	Terminal	{"index":0,"op":"choose"}	-
3503922020206674680	TimeEater	train	win	14	87	0	81	65	-16	456	0	456	player_hp_delta	-16	Terminal	{"index":0,"op":"choose"}	-
4893012664399965717	DonuAndDeca	train	loss	8	54	0	68	0	-68	500	237	263	monster_hp_delta	263	Terminal	{"op":"end_turn"}	Deca:151/250,Donu:86/250
5913974702136161860	DonuAndDeca	train	loss	10	72	0	75	0	-75	500	213	287	monster_hp_delta	287	Terminal	{"op":"end_turn"}	Deca:177/250,Donu:36/250
1874278644178883632	TimeEater	train	loss	9	45	0	72	0	-72	456	165	291	monster_hp_delta	291	Terminal	{"hand_index":9,"op":"play"}	TimeEater:165/456
5929280800346680776	TimeEater	train	win	16	90	0	87	3	-84	456	0	456	player_hp_delta	-84	Terminal	{"index":0,"op":"choose"}	-
817215705190213219	TimeEater	train	loss	7	30	0	70	0	-70	456	286	170	monster_hp_delta	170	Terminal	{"hand_index":0,"op":"play","target_index":0}	TimeEater:286/456
8458172866655657787	TimeEater	train	loss	11	62	0	68	0	-68	456	172	284	monster_hp_delta	284	Terminal	{"op":"end_turn"}	TimeEater:172/456
1535802132441422174	AwakenedOne	test	loss	7	46	0	73	0	-73	703	318	385	monster_hp_delta	385	Terminal	{"op":"end_turn"}	AwakenedOne:phase_1:18/300,AwakenedOne:phase_2_latent:300/300
1558436635380780438	DonuAndDeca	test	loss	6	36	0	60	0	-60	500	257	243	monster_hp_delta	243	Terminal	{"op":"end_turn"}	Deca:163/250,Donu:94/250
4172054336004088348	AwakenedOne	train	loss	22	104	0	75	0	-75	699	300	399	monster_hp_delta	399	Terminal	{"op":"end_turn"}	AwakenedOne:phase_2:300/300
3582487342564012012	TimeEater	val	loss	11	55	0	80	0	-80	456	227	229	monster_hp_delta	229	Terminal	{"op":"end_turn"}	TimeEater:227/456
2313941383928973956	AwakenedOne	train	loss	13	82	0	64	0	-64	702	59	643	monster_hp_delta	643	Terminal	{"op":"end_turn"}	AwakenedOne:phase_2:59/300
953171401346934419	DonuAndDeca	train	win	11	70	0	70	9	-61	500	0	500	player_hp_delta	-61	Terminal	{"index":0,"op":"choose"}	-
2608475645044021002	TimeEater	train	loss	12	71	0	65	0	-65	456	21	435	monster_hp_delta	435	Terminal	{"hand_index":0,"op":"play"}	TimeEater:21/456
3713964603442943802	TimeEater	test	loss	13	67	0	65	0	-65	456	176	280	monster_hp_delta	280	Terminal	{"op":"end_turn"}	TimeEater:176/456
8321194703458455910	TimeEater	train	loss	12	58	0	79	0	-79	456	115	341	monster_hp_delta	341	Terminal	{"hand_index":0,"op":"play"}	TimeEater:115/456
2469611495815780993	DonuAndDeca	val	loss	10	68	0	68	0	-68	500	209	291	monster_hp_delta	291	Terminal	{"op":"end_turn"}	Deca:153/250,Donu:56/250
6668174074408538263	AwakenedOne	train	loss	16	102	0	67	0	-67	699	234	465	monster_hp_delta	465	Terminal	{"op":"end_turn"}	AwakenedOne:phase_2:234/300
8167827564512724233	AwakenedOne	train	loss	10	73	0	60	0	-60	688	223	465	monster_hp_delta	465	Terminal	{"op":"end_turn"}	AwakenedOne:phase_2:223/300
3452048059138016570	DonuAndDeca	train	loss	9	49	0	47	0	-47	500	265	235	monster_hp_delta	235	Terminal	{"op":"end_turn"}	Deca:140/250,Donu:125/250
1464857332254472218	AwakenedOne	val	win	22	145	0	60	23	-37	707	0	707	player_hp_delta	-37	Terminal	{"index":0,"op":"choose"}	-
102717358788954134	AwakenedOne	train	win	9	87	0	86	60	-26	703	0	703	player_hp_delta	-26	Terminal	{"index":0,"op":"choose"}	-
353767981956357709	AwakenedOne	test	win	19	124	0	75	75	0	703	0	703	player_hp_delta	0	Terminal	{"index":0,"op":"choose"}	-
944757949785385870	TimeEater	train	loss	12	60	0	63	0	-63	456	115	341	monster_hp_delta	341	Terminal	{"hand_index":0,"op":"play"}	TimeEater:115/456
2040700049026348257	DonuAndDeca	train	loss	11	67	0	82	0	-82	500	217	283	monster_hp_delta	283	Terminal	{"op":"end_turn"}	Deca:172/250,Donu:45/250
2663009363983082260	AwakenedOne	train	loss	8	48	0	76	0	-76	700	417	283	monster_hp_delta	283	Terminal	{"op":"end_turn"}	AwakenedOne:phase_1:117/300,AwakenedOne:phase_2_latent:300/300
1702147585148394717	TimeEater	val	loss	7	32	0	55	0	-55	456	257	199	monster_hp_delta	199	Terminal	{"hand_index":0,"op":"play"}	TimeEater:257/456
7982420236221140463	TimeEater	train	win	14	68	0	72	14	-58	456	0	456	player_hp_delta	-58	Terminal	{"index":0,"op":"choose"}	-
2705254563859712625	AwakenedOne	train	loss	9	70	0	32	0	-32	704	336	368	monster_hp_delta	368	Terminal	{"op":"end_turn"}	AwakenedOne:phase_1:36/300,AwakenedOne:phase_2_latent:300/300
5233697561264689681	TimeEater	train	loss	10	72	0	71	0	-71	456	195	261	monster_hp_delta	261	Terminal	{"op":"end_turn"}	TimeEater:195/456
8139360032845266021	TimeEater	train	loss	10	54	0	71	0	-71	456	124	332	monster_hp_delta	332	Terminal	{"hand_index":0,"op":"play","target_index":0}	TimeEater:124/456
8243906897262038054	AwakenedOne	val	loss	11	71	0	68	0	-68	703	177	526	monster_hp_delta	526	Terminal	{"op":"end_turn"}	AwakenedOne:phase_2:177/300
4627284871390878839	AwakenedOne	train	loss	5	32	0	57	0	-57	704	622	82	monster_hp_delta	82	Terminal	{"op":"end_turn"}	Cultist:22/51,AwakenedOne:phase_1:300/300,AwakenedOne:phase_2_latent:300/300
373267374943833114	AwakenedOne	test	loss	25	135	0	80	0	-80	699	71	628	monster_hp_delta	628	Terminal	{"op":"end_turn"}	AwakenedOne:phase_2:71/300
7754470684451317546	TimeEater	train	loss	12	58	0	42	0	-42	456	148	308	monster_hp_delta	308	Terminal	{"hand_index":4,"op":"play","target_index":0}	TimeEater:148/456
3775402208690918084	DonuAndDeca	train	loss	11	77	0	68	0	-68	494	181	313	monster_hp_delta	313	Terminal	{"op":"end_turn"}	Deca:147/250,Donu:34/250
676645032355161549	AwakenedOne	train	loss	5	29	0	59	0	-59	706	587	119	monster_hp_delta	119	Terminal	{"op":"end_turn"}	Cultist:3/52,AwakenedOne:phase_1:284/300,AwakenedOne:phase_2_latent:300/300
8980732766182364000	TimeEater	train	loss	13	65	0	80	0	-80	456	47	409	monster_hp_delta	409	Terminal	{"op":"end_turn"}	TimeEater:47/456
8898495195126152237	AwakenedOne	test	win	14	93	0	85	38	-47	700	0	700	player_hp_delta	-47	Terminal	{"index":0,"op":"choose"}	-
5133272008552506568	TimeEater	val	loss	9	54	0	86	0	-86	456	169	287	monster_hp_delta	287	Terminal	{"hand_index":1,"op":"play","target_index":0}	TimeEater:169/456
2147902511769627978	DonuAndDeca	test	loss	10	62	0	95	0	-95	500	264	236	monster_hp_delta	236	Terminal	{"op":"end_turn"}	Deca:116/250,Donu:148/250
4429677059605625310	TimeEater	train	loss	11	51	0	61	0	-61	456	103	353	monster_hp_delta	353	Terminal	{"op":"end_turn"}	TimeEater:103/456
3347874241241368287	DonuAndDeca	train	loss	16	86	0	80	0	-80	500	78	422	monster_hp_delta	422	Terminal	{"op":"end_turn"}	Deca:60/250,Donu:18/250
9205456494351441467	DonuAndDeca	train	win	12	71	0	70	71	1	500	0	500	player_hp_delta	1	Terminal	{"index":0,"op":"choose"}	-
275516646116031372	TimeEater	train	loss	11	58	0	83	0	-83	456	171	285	monster_hp_delta	285	Terminal	{"op":"end_turn"}	TimeEater:171/456
1671982945807100015	DonuAndDeca	train	loss	7	48	0	53	0	-53	500	140	360	monster_hp_delta	360	Terminal	{"op":"end_turn"}	Deca:140/250
755126254856772995	TimeEater	train	loss	11	46	0	74	0	-74	456	80	376	monster_hp_delta	376	Terminal	{"hand_index":0,"op":"play"}	TimeEater:80/456
2558155756080989317	TimeEater	train	loss	7	37	0	65	0	-65	456	198	258	monster_hp_delta	258	Terminal	{"op":"end_turn"}	TimeEater:198/456
3389864731705395358	TimeEater	train	win	16	75	0	55	26	-29	453	0	453	player_hp_delta	-29	Terminal	{"index":0,"op":"choose"}	-
2137633325934690077	AwakenedOne	val	loss	12	77	0	59	0	-59	705	49	656	monster_hp_delta	656	Terminal	{"op":"end_turn"}	AwakenedOne:phase_2:49/300
522408867443381318	TimeEater	train	win	10	68	0	68	21	-47	453	0	453	player_hp_delta	-47	Terminal	{"index":0,"op":"choose"}	-
2884977540211704838	AwakenedOne	train	loss	18	123	0	70	0	-70	703	132	571	monster_hp_delta	571	Terminal	{"op":"end_turn"}	AwakenedOne:phase_2:132/300
6077522619567501898	DonuAndDeca	val	loss	8	42	0	64	0	-64	500	141	359	monster_hp_delta	359	Terminal	{"op":"end_turn"}	Deca:73/250,Donu:68/250
4278281104323396077	AwakenedOne	test	win	27	171	0	73	17	-56	700	0	700	player_hp_delta	-56	Terminal	{"index":0,"op":"choose"}	-
2806602527946197635	AwakenedOne	train	win	12	76	0	77	19	-58	698	0	698	player_hp_delta	-58	Terminal	{"index":0,"op":"choose"}	-
7778681723403902096	AwakenedOne	train	win	20	103	0	58	10	-48	702	0	702	player_hp_delta	-48	Terminal	{"index":0,"op":"choose"}	-
6077798218372876055	DonuAndDeca	train	win	15	91	0	37	22	-15	500	0	500	player_hp_delta	-15	Terminal	{"index":0,"op":"choose"}	-
44452876766858009	TimeEater	test	loss	9	45	0	80	0	-80	456	197	259	monster_hp_delta	259	Terminal	{"hand_index":0,"op":"play","target_index":0}	TimeEater:197/456
715191394985553784	DonuAndDeca	train	loss	7	43	0	64	0	-64	500	9	491	monster_hp_delta	491	Terminal	{"op":"end_turn"}	Deca:9/250
1193158823381522701	TimeEater	test	win	13	90	0	80	25	-55	456	0	456	player_hp_delta	-55	Terminal	{"index":0,"op":"choose"}	-
4662559468571651410	TimeEater	train	loss	15	72	0	80	0	-80	456	7	449	monster_hp_delta	449	Terminal	{"hand_index":0,"op":"play"}	TimeEater:7/456
5860593532310446559	DonuAndDeca	train	loss	4	33	0	30	0	-30	500	358	142	monster_hp_delta	142	Terminal	{"op":"end_turn"}	Deca:218/250,Donu:140/250
6448442739287628664	DonuAndDeca	val	win	12	88	0	71	8	-63	494	0	494	player_hp_delta	-63	Terminal	{"index":0,"op":"choose"}	-
2216185196649872384	TimeEater	train	loss	11	70	0	63	0	-63	456	135	321	monster_hp_delta	321	Terminal	{"op":"end_turn"}	TimeEater:135/456
5175793080221759639	AwakenedOne	train	loss	10	67	0	68	0	-68	703	392	311	monster_hp_delta	311	Terminal	{"op":"end_turn"}	AwakenedOne:phase_1:92/300,AwakenedOne:phase_2_latent:300/300
1725221186874095878	AwakenedOne	train	loss	5	30	0	53	0	-53	700	522	178	monster_hp_delta	178	Terminal	{"op":"end_turn"}	AwakenedOne:phase_1:222/300,AwakenedOne:phase_2_latent:300/300
227533671132326511	AwakenedOne	val	loss	14	96	0	71	0	-71	701	48	653	monster_hp_delta	653	Terminal	{"op":"end_turn"}	AwakenedOne:phase_2:48/300
310507521043348036	TimeEater	train	loss	12	60	0	91	0	-91	456	151	305	monster_hp_delta	305	Terminal	{"hand_index":4,"op":"play","target_index":0}	TimeEater:151/456
3079720285593501812	AwakenedOne	train	loss	15	75	0	68	0	-68	707	81	626	monster_hp_delta	626	Terminal	{"op":"end_turn"}	AwakenedOne:phase_2:81/300
2839530400490939686	TimeEater	train	win	11	59	0	65	24	-41	456	0	456	player_hp_delta	-41	Terminal	{"index":0,"op":"choose"}	-
2935177907705278076	AwakenedOne	train	loss	19	107	0	75	0	-75	700	176	524	monster_hp_delta	524	Terminal	{"op":"end_turn"}	AwakenedOne:phase_2:176/300
320947515621189666	AwakenedOne	train	loss	14	94	0	73	0	-73	700	239	461	monster_hp_delta	461	Terminal	{"op":"end_turn"}	AwakenedOne:phase_2:239/300
5436344239069818774	AwakenedOne	train	loss	11	80	0	75	0	-75	705	322	383	monster_hp_delta	383	Terminal	{"op":"end_turn"}	AwakenedOne:phase_1:22/300,AwakenedOne:phase_2_latent:300/300
5600402162460258978	DonuAndDeca	train	win	8	66	0	60	19	-41	500	0	500	player_hp_delta	-41	Terminal	{"index":0,"op":"choose"}	-
8895939405627715286	TimeEater	train	loss	12	70	0	63	0	-63	456	166	290	monster_hp_delta	290	Terminal	{"hand_index":0,"op":"play"}	TimeEater:166/456
3015843538667368417	DonuAndDeca	train	loss	11	65	0	85	0	-85	500	155	345	monster_hp_delta	345	Terminal	{"op":"end_turn"}	Deca:83/250,Donu:72/250
8147249568747180022	TimeEater	train	capped	7	38	0	75	10	-65	456	200	256	monster_hp_delta	256	Grid	{"index":11,"op":"choose"}	TimeEater:200/456
8113870028127079359	DonuAndDeca	train	loss	9	70	0	86	0	-86	500	95	405	monster_hp_delta	405	Terminal	{"op":"end_turn"}	Deca:95/250
7980538611017551745	DonuAndDeca	train	loss	11	67	0	104	0	-104	500	38	462	monster_hp_delta	462	Terminal	{"op":"end_turn"}	Deca:38/250
6993034324752273972	AwakenedOne	train	loss	5	31	0	76	0	-76	704	361	343	monster_hp_delta	343	Terminal	{"op":"end_turn"}	AwakenedOne:phase_1:61/300,AwakenedOne:phase_2_latent:300/300
5284775401172843888	DonuAndDeca	test	loss	11	70	0	75	0	-75	500	147	353	monster_hp_delta	353	Terminal	{"op":"end_turn"}	Deca:147/250
7369302578465451988	TimeEater	train	loss	12	55	0	89	0	-89	456	208	248	monster_hp_delta	248	Terminal	{"op":"end_turn"}	TimeEater:208/456
4344099878014234711	TimeEater	train	loss	11	68	0	53	0	-53	456	106	350	monster_hp_delta	350	Terminal	{"op":"end_turn"}	TimeEater:106/456
6324235824329306920	AwakenedOne	train	loss	3	20	0	52	0	-52	699	585	114	monster_hp_delta	114	Terminal	{"op":"end_turn"}	AwakenedOne:phase_1:285/300,AwakenedOne:phase_2_latent:300/300
5930132401452647550	AwakenedOne	train	loss	12	102	0	41	0	-41	701	65	636	monster_hp_delta	636	Terminal	{"op":"end_turn"}	AwakenedOne:phase_2:65/300
9102753040736954161	AwakenedOne	val	loss	11	85	0	80	0	-80	689	240	449	monster_hp_delta	449	Terminal	{"op":"end_turn"}	AwakenedOne:phase_2:240/300
4846171683853151575	AwakenedOne	train	loss	14	105	0	76	0	-76	706	208	498	monster_hp_delta	498	Terminal	{"op":"end_turn"}	AwakenedOne:phase_2:208/300
6894340148053570688	DonuAndDeca	train	win	9	63	0	85	60	-25	500	0	500	player_hp_delta	-25	Terminal	{"index":0,"op":"choose"}	-
1560841887350490646	DonuAndDeca	train	loss	7	50	0	85	0	-85	500	92	408	monster_hp_delta	408	Terminal	{"op":"end_turn"}	Deca:92/250
2375907636545663814	AwakenedOne	train	loss	10	56	0	75	0	-75	698	371	327	monster_hp_delta	327	Terminal	{"op":"end_turn"}	AwakenedOne:phase_1:71/300,AwakenedOne:phase_2_latent:300/300
3577339271391398673	AwakenedOne	train	loss	6	33	0	63	0	-63	706	413	293	monster_hp_delta	293	Terminal	{"op":"end_turn"}	AwakenedOne:phase_1:113/300,AwakenedOne:phase_2_latent:300/300
889913119860978547	TimeEater	train	loss	8	42	0	75	0	-75	456	203	253	monster_hp_delta	253	Terminal	{"hand_index":2,"op":"play"}	TimeEater:203/456
7288046668457400954	TimeEater	train	win	13	71	0	89	94	5	456	0	456	player_hp_delta	5	Terminal	{"index":0,"op":"choose"}	-
1895268994758624647	DonuAndDeca	train	loss	9	69	0	67	0	-67	500	280	220	monster_hp_delta	220	Terminal	{"op":"end_turn"}	Deca:150/250,Donu:130/250
5979943319486872009	TimeEater	test	loss	19	111	0	75	0	-75	456	12	444	monster_hp_delta	444	Terminal	{"hand_index":0,"op":"play","target_index":0}	TimeEater:12/456
3650221056588572187	TimeEater	train	loss	10	56	0	79	0	-79	456	64	392	monster_hp_delta	392	Terminal	{"op":"end_turn"}	TimeEater:64/456
4734008699461379058	TimeEater	train	loss	12	74	0	71	0	-71	456	69	387	monster_hp_delta	387	Terminal	{"op":"end_turn"}	TimeEater:69/456
3599830370386682952	TimeEater	train	loss	11	47	0	75	0	-75	456	199	257	monster_hp_delta	257	Terminal	{"hand_index":1,"op":"play","target_index":0}	TimeEater:199/456
2731887748741623085	DonuAndDeca	test	win	11	72	0	82	13	-69	500	0	500	player_hp_delta	-69	Terminal	{"index":0,"op":"choose"}	-
7610090949233696573	AwakenedOne	train	loss	22	155	0	84	0	-84	697	60	637	monster_hp_delta	637	Terminal	{"op":"end_turn"}	AwakenedOne:phase_2:60/300
2311610430939624283	DonuAndDeca	val	win	9	69	0	80	60	-20	500	0	500	player_hp_delta	-20	Terminal	{"index":0,"op":"choose"}	-
280620408883082083	DonuAndDeca	train	win	10	61	0	61	1	-60	500	0	500	player_hp_delta	-60	Terminal	{"index":0,"op":"choose"}	-
3175379688140469730	TimeEater	test	loss	9	40	0	74	0	-74	456	151	305	monster_hp_delta	305	Terminal	{"hand_index":4,"op":"play","target_index":0}	TimeEater:151/456
6969138672386905778	TimeEater	train	loss	13	65	0	89	0	-89	456	113	343	monster_hp_delta	343	Terminal	{"op":"end_turn"}	TimeEater:113/456
2110628315277407088	AwakenedOne	train	win	14	100	0	70	46	-24	701	0	701	player_hp_delta	-24	Terminal	{"index":0,"op":"choose"}	-
2429698916005712565	DonuAndDeca	train	win	11	85	0	71	28	-43	500	0	500	player_hp_delta	-43	Terminal	{"index":0,"op":"choose"}	-
436088308288490833	TimeEater	train	loss	9	42	0	61	0	-61	456	191	265	monster_hp_delta	265	Terminal	{"op":"end_turn"}	TimeEater:191/456
3045004140832240691	TimeEater	train	loss	12	53	0	106	0	-106	456	192	264	monster_hp_delta	264	Terminal	{"op":"end_turn"}	TimeEater:192/456
8088905327594970685	AwakenedOne	val	win	16	122	0	62	13	-49	702	0	702	player_hp_delta	-49	Terminal	{"index":0,"op":"choose"}	-
5693741728291884452	AwakenedOne	train	win	21	167	0	69	27	-42	705	0	705	player_hp_delta	-42	Terminal	{"index":0,"op":"choose"}	-
4022691962045150075	TimeEater	test	win	13	78	0	75	58	-17	456	0	456	player_hp_delta	-17	Terminal	{"index":0,"op":"choose"}	-
6951699246127185244	TimeEater	test	loss	7	31	0	57	0	-57	453	186	267	monster_hp_delta	267	Terminal	{"hand_index":1,"op":"play","target_index":0}	TimeEater:186/456
2758671376249057318	DonuAndDeca	train	loss	13	77	0	65	0	-65	500	111	389	monster_hp_delta	389	Terminal	{"op":"end_turn"}	Deca:111/250
1497056116936874071	AwakenedOne	train	win	13	95	0	82	13	-69	704	0	704	player_hp_delta	-69	Terminal	{"index":0,"op":"choose"}	-
7967541688692625146	AwakenedOne	train	loss	13	76	0	83	0	-83	687	305	382	monster_hp_delta	382	Terminal	{"op":"end_turn"}	AwakenedOne:phase_1:5/300,AwakenedOne:phase_2_latent:300/300
3633291037683335025	DonuAndDeca	train	win	14	98	0	65	19	-46	500	0	500	player_hp_delta	-46	Terminal	{"index":0,"op":"choose"}	-
5176088018014963710	DonuAndDeca	train	loss	7	40	0	65	0	-65	500	34	466	monster_hp_delta	466	Terminal	{"op":"end_turn"}	Deca:34/250
1518320394547523535	DonuAndDeca	test	loss	7	46	0	68	0	-68	500	109	391	monster_hp_delta	391	Terminal	{"op":"end_turn"}	Deca:102/250,Donu:7/250
1784911784163565944	DonuAndDeca	train	loss	5	37	0	54	0	-54	500	282	218	monster_hp_delta	218	Terminal	{"op":"end_turn"}	Deca:204/250,Donu:78/250
2726129803134113861	AwakenedOne	train	loss	16	103	0	85	0	-85	703	119	584	monster_hp_delta	584	Terminal	{"op":"end_turn"}	AwakenedOne:phase_2:119/300
4384562205267801416	AwakenedOne	train	loss	13	75	0	81	0	-81	690	250	440	monster_hp_delta	440	Terminal	{"op":"end_turn"}	AwakenedOne:phase_2:250/300
4712052407610597859	DonuAndDeca	train	loss	9	52	0	30	0	-30	500	14	486	monster_hp_delta	486	Terminal	{"op":"end_turn"}	Deca:14/250
5831026821421388390	TimeEater	train	loss	12	59	0	71	0	-71	456	201	255	monster_hp_delta	255	Terminal	{"hand_index":4,"op":"play","target_index":0}	TimeEater:201/456
3741444495181091328	TimeEater	val	loss	14	68	0	73	0	-73	456	44	412	monster_hp_delta	412	Terminal	{"op":"end_turn"}	TimeEater:44/456
5453680391255566324	DonuAndDeca	train	loss	5	27	0	78	0	-78	500	334	166	monster_hp_delta	166	Terminal	{"op":"end_turn"}	Deca:165/250,Donu:169/250
1640560198840628880	TimeEater	train	win	13	69	0	72	11	-61	456	0	456	player_hp_delta	-61	Terminal	{"index":0,"op":"choose"}	-
9087466226497434481	AwakenedOne	train	win	15	98	0	99	41	-58	702	0	702	player_hp_delta	-58	Terminal	{"index":0,"op":"choose"}	-
1339375792881101419	DonuAndDeca	train	win	8	70	0	65	42	-23	500	0	500	player_hp_delta	-23	Terminal	{"index":0,"op":"choose"}	-
825537307405694281	TimeEater	train	loss	13	63	0	48	0	-48	456	100	356	monster_hp_delta	356	Terminal	{"op":"end_turn"}	TimeEater:100/456
2503819208855510648	DonuAndDeca	test	capped	3	24	0	68	68	0	494	426	68	monster_hp_delta	68	Grid	{"op":"proceed"}	Deca:225/250,Donu:201/250
9143410895212557175	DonuAndDeca	train	loss	7	38	0	99	0	-99	500	308	192	monster_hp_delta	192	Terminal	{"op":"end_turn"}	Deca:177/250,Donu:131/250
3685524010719732039	TimeEater	test	win	13	71	0	73	20	-53	456	0	456	player_hp_delta	-53	Terminal	{"index":0,"op":"choose"}	-
6503206011542450809	TimeEater	train	win	16	85	0	75	80	5	456	0	456	player_hp_delta	5	Terminal	{"index":0,"op":"choose"}	-
5461604267541491796	AwakenedOne	train	loss	8	46	0	73	0	-73	689	432	257	monster_hp_delta	257	Terminal	{"op":"end_turn"}	AwakenedOne:phase_1:132/300,AwakenedOne:phase_2_latent:300/300
2757564259181194719	DonuAndDeca	train	win	12	72	0	75	6	-69	500	0	500	player_hp_delta	-69	Terminal	{"index":0,"op":"choose"}	-
6029778216183765609	TimeEater	val	loss	15	78	0	36	0	-36	456	155	301	monster_hp_delta	301	Terminal	{"op":"end_turn"}	TimeEater:155/456
2320582031119347950	AwakenedOne	test	loss	19	119	0	34	0	-34	707	89	618	monster_hp_delta	618	Terminal	{"op":"end_turn"}	AwakenedOne:phase_2:89/300
4022524404049322153	DonuAndDeca	val	loss	4	18	0	55	0	-55	500	306	194	monster_hp_delta	194	Terminal	{"op":"end_turn"}	Deca:170/250,Donu:136/250
2681620415005119470	TimeEater	train	win	12	64	0	59	45	-14	456	0	456	player_hp_delta	-14	Terminal	{"index":0,"op":"choose"}	-
3575056859286846238	DonuAndDeca	train	win	8	60	0	81	26	-55	500	0	500	player_hp_delta	-55	Terminal	{"index":0,"op":"choose"}	-
229132511550664488	DonuAndDeca	train	loss	7	47	0	56	0	-56	500	159	341	monster_hp_delta	341	Terminal	{"op":"end_turn"}	Deca:147/250,Donu:12/250
6020472096808680683	DonuAndDeca	train	loss	9	60	0	64	0	-64	500	62	438	monster_hp_delta	438	Terminal	{"op":"end_turn"}	Deca:62/250
3896294483004164988	TimeEater	train	win	13	76	0	58	7	-51	456	0	456	player_hp_delta	-51	Terminal	{"index":0,"op":"choose"}	-
293848910752496977	DonuAndDeca	train	loss	6	33	0	52	0	-52	500	242	258	monster_hp_delta	258	Terminal	{"op":"end_turn"}	Deca:146/250,Donu:96/250
3291519624287450268	DonuAndDeca	train	loss	11	69	0	63	0	-63	500	204	296	monster_hp_delta	296	Terminal	{"op":"end_turn"}	Deca:204/250
4401756889011041592	AwakenedOne	train	win	18	124	0	85	64	-21	701	0	701	player_hp_delta	-21	Terminal	{"index":0,"op":"choose"}	-
4555309926483780766	TimeEater	train	loss	11	64	0	30	0	-30	453	61	392	monster_hp_delta	392	Terminal	{"op":"end_turn"}	TimeEater:61/456
8330350402586155033	DonuAndDeca	train	loss	11	79	0	72	0	-72	500	19	481	monster_hp_delta	481	Terminal	{"op":"end_turn"}	Deca:19/250
720613110603101848	AwakenedOne	train	capped	1	11	0	85	85	0	690	641	49	monster_hp_delta	49	Grid	{"index":0,"op":"choose"}	Cultist:24/50,Cultist:30/49,AwakenedOne:phase_1:287/300,AwakenedOne:phase_2_latent:300/300
3704119337583344501	AwakenedOne	train	loss	15	99	0	79	0	-79	701	188	513	monster_hp_delta	513	Terminal	{"op":"end_turn"}	AwakenedOne:phase_2:188/300
3519025160462369891	DonuAndDeca	train	loss	9	54	0	78	0	-78	500	164	336	monster_hp_delta	336	Terminal	{"op":"end_turn"}	Deca:132/250,Donu:32/250
8204967484448555318	DonuAndDeca	train	win	7	45	0	64	64	0	494	0	494	player_hp_delta	0	Terminal	{"index":0,"op":"choose"}	-
647261572410856879	TimeEater	train	capped	2	18	0	63	57	-6	456	394	62	monster_hp_delta	62	Grid	{"index":2,"op":"choose"}	TimeEater:394/456
6474041875776082272	DonuAndDeca	train	win	9	80	0	67	59	-8	500	0	500	player_hp_delta	-8	Terminal	{"index":0,"op":"choose"}	-
2662823929814565228	DonuAndDeca	train	win	17	91	0	85	9	-76	494	0	494	player_hp_delta	-76	Terminal	{"index":0,"op":"choose"}	-
4477901523009792701	AwakenedOne	train	loss	6	49	0	74	0	-74	698	235	463	monster_hp_delta	463	Terminal	{"op":"end_turn"}	AwakenedOne:phase_2:235/300
8786122237082131656	DonuAndDeca	train	win	8	63	0	75	63	-12	500	0	500	player_hp_delta	-12	Terminal	{"index":0,"op":"choose"}	-
6116181150084813791	DonuAndDeca	val	loss	8	58	0	54	0	-54	500	156	344	monster_hp_delta	344	Terminal	{"op":"end_turn"}	Deca:146/250,Donu:10/250
5267352051200300457	TimeEater	train	loss	5	18	0	55	0	-55	456	398	58	monster_hp_delta	58	Terminal	{"op":"end_turn"}	TimeEater:398/456
1659699293986524221	TimeEater	train	loss	12	60	0	71	0	-71	456	22	434	monster_hp_delta	434	Terminal	{"hand_index":0,"op":"play"}	TimeEater:22/456
2892961805058688011	TimeEater	train	loss	7	37	0	82	0	-82	456	206	250	monster_hp_delta	250	Terminal	{"op":"end_turn"}	TimeEater:206/456
6669637520644701581	TimeEater	train	loss	11	58	0	71	0	-71	456	183	273	monster_hp_delta	273	Terminal	{"hand_index":5,"op":"play","target_index":0}	TimeEater:183/456
4284968855656253455	AwakenedOne	train	win	19	116	0	89	12	-77	706	0	706	player_hp_delta	-77	Terminal	{"index":0,"op":"choose"}	-
6293595929757080053	AwakenedOne	train	loss	11	75	0	71	0	-71	706	99	607	monster_hp_delta	607	Terminal	{"op":"end_turn"}	AwakenedOne:phase_2:99/300
6824518548541612164	AwakenedOne	train	win	16	85	0	65	3	-62	703	0	703	player_hp_delta	-62	Terminal	{"index":0,"op":"choose"}	-
1799038278274163199	DonuAndDeca	train	win	7	54	0	65	11	-54	500	0	500	player_hp_delta	-54	Terminal	{"index":0,"op":"choose"}	-
3936976898601305691	DonuAndDeca	train	loss	6	43	0	59	0	-59	494	203	291	monster_hp_delta	291	Terminal	{"op":"end_turn"}	Deca:119/250,Donu:84/250
5313369806343419810	AwakenedOne	train	loss	15	90	0	79	0	-79	695	215	480	monster_hp_delta	480	Terminal	{"op":"end_turn"}	AwakenedOne:phase_2:215/300
4859009821750286095	AwakenedOne	train	win	14	99	0	48	16	-32	691	0	691	player_hp_delta	-32	Terminal	{"index":0,"op":"choose"}	-
5078735581413243712	AwakenedOne	train	win	19	137	0	71	46	-25	702	0	702	player_hp_delta	-25	Terminal	{"index":0,"op":"choose"}	-
5499616079096273852	AwakenedOne	train	win	23	152	0	101	38	-63	699	0	699	player_hp_delta	-63	Terminal	{"index":0,"op":"choose"}	-
1911419934294183172	AwakenedOne	train	loss	16	105	0	68	0	-68	699	41	658	monster_hp_delta	658	Terminal	{"op":"end_turn"}	AwakenedOne:phase_2:41/300
359662556785588455	DonuAndDeca	train	loss	9	61	0	85	0	-85	494	3	491	monster_hp_delta	491	Terminal	{"op":"end_turn"}	Deca:3/250
4590021796761016867	AwakenedOne	train	loss	14	77	0	80	0	-80	707	443	264	monster_hp_delta	264	Terminal	{"op":"end_turn"}	AwakenedOne:phase_1:143/300,AwakenedOne:phase_2_latent:300/300
2479557455836530612	DonuAndDeca	train	win	9	58	0	73	16	-57	494	0	494	player_hp_delta	-57	Terminal	{"index":0,"op":"choose"}	-
2548896709501398048	AwakenedOne	train	loss	11	57	0	57	0	-57	707	301	406	monster_hp_delta	406	Terminal	{"op":"end_turn"}	AwakenedOne:phase_1:1/300,AwakenedOne:phase_2_latent:300/300
261512163124693650	TimeEater	train	loss	11	58	0	70	0	-70	456	81	375	monster_hp_delta	375	Terminal	{"hand_index":0,"op":"play"}	TimeEater:81/456
5387010870709253065	AwakenedOne	train	loss	11	67	0	72	0	-72	700	466	234	monster_hp_delta	234	Terminal	{"op":"end_turn"}	AwakenedOne:phase_1:166/300,AwakenedOne:phase_2_latent:300/300
4358101222028316054	TimeEater	train	loss	17	78	0	75	0	-75	456	15	441	monster_hp_delta	441	Terminal	{"op":"end_turn"}	TimeEater:15/456
4568115288368456125	DonuAndDeca	train	win	12	68	0	80	10	-70	500	0	500	player_hp_delta	-70	Terminal	{"index":0,"op":"choose"}	-
908618524157238357	TimeEater	train	loss	7	43	0	73	0	-73	456	170	286	monster_hp_delta	286	Terminal	{"hand_index":2,"op":"play"}	TimeEater:170/456
3806791834542050697	AwakenedOne	train	win	14	92	0	89	31	-58	689	0	689	player_hp_delta	-58	Terminal	{"index":0,"op":"choose"}	-
9085152336343825425	TimeEater	train	win	11	63	0	66	58	-8	456	0	456	player_hp_delta	-8	Terminal	{"index":0,"op":"choose"}	-
5241361351703169726	DonuAndDeca	train	win	7	45	0	71	38	-33	500	0	500	player_hp_delta	-33	Terminal	{"index":0,"op":"choose"}	-
4131477624974769496	DonuAndDeca	train	win	9	50	0	102	64	-38	500	0	500	player_hp_delta	-38	Terminal	{"index":0,"op":"choose"}	-
7849165862761638335	DonuAndDeca	test	loss	15	83	0	63	0	-63	500	5	495	monster_hp_delta	495	Terminal	{"op":"end_turn"}	Deca:5/250
1327474694343499410	DonuAndDeca	train	loss	8	46	0	89	0	-89	500	204	296	monster_hp_delta	296	Terminal	{"op":"end_turn"}	Deca:153/250,Donu:51/250
6298894244891975578	TimeEater	train	win	19	87	0	82	23	-59	456	0	456	player_hp_delta	-59	Terminal	{"index":0,"op":"choose"}	-
7463058762684257673	TimeEater	train	loss	11	61	0	94	0	-94	456	104	352	monster_hp_delta	352	Terminal	{"hand_index":0,"op":"play","target_index":0}	TimeEater:104/456
5481053616403242408	DonuAndDeca	test	loss	13	80	0	68	0	-68	500	15	485	monster_hp_delta	485	Terminal	{"op":"end_turn"}	Deca:15/250
497761685191703180	DonuAndDeca	train	loss	10	72	0	68	0	-68	494	64	430	monster_hp_delta	430	Terminal	{"op":"end_turn"}	Deca:18/250,Donu:46/250
71816977479554671	TimeEater	val	loss	11	55	0	77	0	-77	456	164	292	monster_hp_delta	292	Terminal	{"op":"end_turn"}	TimeEater:164/456
2975783051557134444	TimeEater	train	loss	10	57	0	89	0	-89	456	112	344	monster_hp_delta	344	Terminal	{"op":"end_turn"}	TimeEater:112/456
4456694349828574889	DonuAndDeca	train	loss	11	76	0	52	0	-52	500	43	457	monster_hp_delta	457	Terminal	{"op":"end_turn"}	Deca:43/250
5093678408879064589	DonuAndDeca	train	win	10	71	0	74	22	-52	500	0	500	player_hp_delta	-52	Terminal	{"index":0,"op":"choose"}	-
4258956315843204260	DonuAndDeca	train	win	12	80	0	105	15	-90	500	0	500	player_hp_delta	-90	Terminal	{"index":0,"op":"choose"}	-
3578908245823262450	DonuAndDeca	train	win	13	80	0	80	16	-64	500	0	500	player_hp_delta	-64	Terminal	{"index":0,"op":"choose"}	-
9203530350166176160	AwakenedOne	val	win	14	87	0	71	44	-27	702	0	702	player_hp_delta	-27	Terminal	{"index":0,"op":"choose"}	-
7242318352595493599	TimeEater	train	win	14	72	0	56	13	-43	456	0	456	player_hp_delta	-43	Terminal	{"index":0,"op":"choose"}	-
3679607863773751615	AwakenedOne	train	loss	3	26	0	63	0	-63	702	516	186	monster_hp_delta	186	Terminal	{"op":"end_turn"}	AwakenedOne:phase_1:216/300,AwakenedOne:phase_2_latent:300/300
6667561698905960201	AwakenedOne	train	loss	9	57	0	41	0	-41	702	530	172	monster_hp_delta	172	Terminal	{"op":"end_turn"}	AwakenedOne:phase_1:230/300,AwakenedOne:phase_2_latent:300/300
8038746263260444055	DonuAndDeca	test	loss	9	67	0	75	0	-75	500	99	401	monster_hp_delta	401	Terminal	{"op":"end_turn"}	Deca:99/250
3705850684077331985	TimeEater	train	loss	12	45	0	73	0	-73	456	108	348	monster_hp_delta	348	Terminal	{"hand_index":2,"op":"play","target_index":0}	TimeEater:108/456
8447026131988387069	DonuAndDeca	train	win	9	63	0	41	31	-10	500	0	500	player_hp_delta	-10	Terminal	{"index":0,"op":"choose"}	-
7621402873337746390	AwakenedOne	train	loss	4	25	0	59	0	-59	704	616	88	monster_hp_delta	88	Terminal	{"op":"end_turn"}	Cultist:16/51,AwakenedOne:phase_1:300/300,AwakenedOne:phase_2_latent:300/300
3397853083628601555	DonuAndDeca	train	win	8	65	0	68	13	-55	500	0	500	player_hp_delta	-55	Terminal	{"index":0,"op":"choose"}	-
189240995519862817	AwakenedOne	train	loss	17	120	0	94	0	-94	698	65	633	monster_hp_delta	633	Terminal	{"op":"end_turn"}	AwakenedOne:phase_2:65/300
2465891071963755624	TimeEater	train	loss	12	56	0	82	0	-82	456	35	421	monster_hp_delta	421	Terminal	{"hand_index":0,"op":"play"}	TimeEater:35/456
1730248379137735070	DonuAndDeca	train	loss	6	33	0	67	0	-67	500	139	361	monster_hp_delta	361	Terminal	{"op":"end_turn"}	Deca:102/250,Donu:37/250
7423858346243197001	TimeEater	test	loss	10	56	0	71	0	-71	456	89	367	monster_hp_delta	367	Terminal	{"op":"end_turn"}	TimeEater:89/456
3236125834608384509	TimeEater	train	loss	9	58	0	54	0	-54	456	59	397	monster_hp_delta	397	Terminal	{"op":"end_turn"}	TimeEater:59/456
8445834807518594765	TimeEater	train	win	26	121	0	79	29	-50	456	0	456	player_hp_delta	-50	Terminal	{"index":0,"op":"choose"}	-
2577903367157245620	AwakenedOne	test	loss	12	92	0	71	0	-71	693	215	478	monster_hp_delta	478	Terminal	{"op":"end_turn"}	AwakenedOne:phase_2:215/300
6215199557509034207	AwakenedOne	train	loss	7	52	0	75	0	-75	699	345	354	monster_hp_delta	354	Terminal	{"op":"end_turn"}	AwakenedOne:phase_1:45/300,AwakenedOne:phase_2_latent:300/300
947516346118735020	TimeEater	train	loss	6	32	0	76	0	-76	456	169	287	monster_hp_delta	287	Terminal	{"hand_index":0,"op":"play"}	TimeEater:169/456
7965147900828649280	DonuAndDeca	train	loss	5	39	0	49	0	-49	500	192	308	monster_hp_delta	308	Terminal	{"op":"end_turn"}	Deca:100/250,Donu:92/250
5672753968921999532	AwakenedOne	test	win	17	105	0	71	71	0	704	0	704	player_hp_delta	0	Terminal	{"index":0,"op":"choose"}	-
7146274004560459705	TimeEater	train	loss	6	32	0	75	0	-75	456	297	159	monster_hp_delta	159	Terminal	{"hand_index":4,"op":"play","target_index":0}	TimeEater:297/456
4328115511111989617	DonuAndDeca	train	loss	9	53	0	72	0	-72	500	167	333	monster_hp_delta	333	Terminal	{"op":"end_turn"}	Deca:67/250,Donu:100/250
6384885235681128050	AwakenedOne	train	loss	11	65	0	61	0	-61	701	149	552	monster_hp_delta	552	Terminal	{"op":"end_turn"}	AwakenedOne:phase_2:149/300
912623765908283254	TimeEater	train	loss	10	52	0	78	0	-78	456	107	349	monster_hp_delta	349	Terminal	{"op":"end_turn"}	TimeEater:107/456
5307682605029517485	AwakenedOne	train	loss	19	106	0	95	0	-95	704	103	601	monster_hp_delta	601	Terminal	{"op":"end_turn"}	AwakenedOne:phase_2:103/300
8810366566222410479	TimeEater	val	win	11	60	0	71	16	-55	456	0	456	player_hp_delta	-55	Terminal	{"index":0,"op":"choose"}	-
826091739532149173	DonuAndDeca	train	win	9	76	0	64	28	-36	500	0	500	player_hp_delta	-36	Terminal	{"index":0,"op":"choose"}	-
3317609343344576159	DonuAndDeca	train	win	12	74	0	61	42	-19	500	0	500	player_hp_delta	-19	Terminal	{"index":0,"op":"choose"}	-
9049928454352165552	DonuAndDeca	train	loss	9	64	0	57	0	-57	500	234	266	monster_hp_delta	266	Terminal	{"op":"end_turn"}	Deca:161/250,Donu:73/250
3767978560602421683	AwakenedOne	train	loss	8	59	0	40	0	-40	703	238	465	monster_hp_delta	465	Terminal	{"op":"end_turn"}	AwakenedOne:phase_2:238/300
5852578711033739084	TimeEater	train	win	12	78	0	53	28	-25	453	0	453	player_hp_delta	-25	Terminal	{"index":0,"op":"choose"}	-
6388571238496388239	AwakenedOne	train	win	13	68	0	84	28	-56	701	0	701	player_hp_delta	-56	Terminal	{"index":0,"op":"choose"}	-
8184892138246516809	TimeEater	train	win	10	59	0	64	49	-15	456	0	456	player_hp_delta	-15	Terminal	{"index":0,"op":"choose"}	-
9202372316872430712	DonuAndDeca	train	win	10	64	0	69	38	-31	500	0	500	player_hp_delta	-31	Terminal	{"index":0,"op":"choose"}	-
617930213755484089	AwakenedOne	test	win	16	135	0	56	34	-22	698	0	698	player_hp_delta	-22	Terminal	{"index":0,"op":"choose"}	-
4103417773470020454	TimeEater	train	loss	10	43	0	68	0	-68	456	218	238	monster_hp_delta	238	Terminal	{"op":"end_turn"}	TimeEater:218/456
3934462156694074606	TimeEater	train	loss	9	56	0	73	0	-73	456	201	255	monster_hp_delta	255	Terminal	{"op":"end_turn"}	TimeEater:201/456
2393755119585908836	DonuAndDeca	train	loss	10	60	0	62	0	-62	500	174	326	monster_hp_delta	326	Terminal	{"op":"end_turn"}	Deca:145/250,Donu:29/250
2913291075629376836	DonuAndDeca	test	win	9	53	0	69	8	-61	494	0	494	player_hp_delta	-61	Terminal	{"index":0,"op":"choose"}	-
8329001823665563222	AwakenedOne	train	loss	16	111	0	76	0	-76	702	215	487	monster_hp_delta	487	Terminal	{"op":"end_turn"}	AwakenedOne:phase_2:215/300
1915271357528267883	AwakenedOne	train	loss	11	77	0	85	0	-85	691	73	618	monster_hp_delta	618	Terminal	{"op":"end_turn"}	AwakenedOne:phase_2:73/300
5240712278148589323	TimeEater	train	loss	12	49	0	80	0	-80	456	103	353	monster_hp_delta	353	Terminal	{"op":"end_turn"}	TimeEater:103/456
